{
	"groups": [
		{
			"keys": "roundthumb_png,handle_png,off_png,on_png,thumb_pb_png,track_pb_png,track_sb_png,description_json,title_bg_png,option_normal_png,option_select_png,dialog_close_png,dialog_title_bg_png,dialog_line_png,mask_png,info_bg_png,icon_border_png,model_bg_png,icon_bing_png,icon_chan_png,icon_jing_png,equip_bg_png,icon_notice_png,bottom_info_png,icon_down_png,bg_level_pass_png,bg_level_cur_png,point_cur_png,favor_fill_png,favor_png,cup1_png,cup2_png,cup3_png,model_bg_1_png,rank_item_bg_png,user_line_png,share_arrow_png,share_tips_jpg,model_bg_2_png,model_bg_3_png,model_bg_4_png,sign_mask_png,sign_icon_png,option_error_png,option_ok_png,icon_ok_png,icon_err_png,user_name_bg_png,point_pass_png,bg_level_nopass_png,point_nopass_png,progress_bg_png,bg_circle_png,back_down_png,back_up_png,button_bg_png,dialog_close_x_png,share_tips_android_jpg,rank_title_select_png,rank_title_unselect_png,share_qrcode_bg_png,share_mask_png,share_qrcode_png,v_progress_bg_png,v_progress_bg2_png,v_progress_thumb_png,v_progress_thumb2_png,user_unknow_jpg,loading_png,icon_1_jpg,nav_bg_png,ai_png,le_png,ming_png,equip_bg_1_png,equip_bg_2_png,equip_bg_3_png,equip_bg_4_png,myfavor_png,user_pic_border_png,alter_bg_png,train_title_bg_png,train_line_left_png,train_line_right_png,favor_title_cpxx_png,favor_title_jbxx_png,favor_title_jpfx_png,favor_title_lcyj_png,favor_title_sccl_png,favor_title_zyjz_png,rank_item1_bg_png,rank_number_bg_png,icon_tmfx_png,title_tmfx_png,equip_bg_01_png,radar_border_png,button_small_1_png,button_small_2_png,bottom_line_png,bg_png,bg_white_png,bg_train_png,train_fail_png,train_success_png,title_report_png,score_bg_png,line_1_png,share_jpg,buttom_search_png,search_left_png,search_right_png,rule_title_png,small_grey_bg_png,equip_bg_111_png,equip_bg_121_png,equip_bg_131_png,equip_bg_141_png,equip_top_11_png,equip_top_12_png,equip_top_13_png,equip_top_14_png,equip_top_142_png,equip_top_0_png,equip_bg_21_png,title_error_png,icon_calendar_png,blue_small_bg_png,top_ad_png",
			"name": "preload"
		},
		{
			"keys": "config_json,font_bai_png,font_da_png,font_xin_png,icon_bai_png,icon_da_png,icon_xin_png",
			"name": "1132"
		},
		{
			"keys": "tiku_json",
			"name": "1132_tiku"
		},
		{
			"keys": "model_select_mp3,answer_err3_mp3,answer_ok_mp3,nopass_mp3,pass_mp3,bg_mp3",
			"name": "music"
		}
	],
	"resources": [
		{
			"url": "assets/ScrollBar/roundthumb.png",
			"type": "image",
			"name": "roundthumb_png"
		},
		{
			"url": "assets/ToggleSwitch/handle.png",
			"type": "image",
			"name": "handle_png"
		},
		{
			"url": "assets/ToggleSwitch/off.png",
			"type": "image",
			"name": "off_png"
		},
		{
			"url": "assets/ToggleSwitch/on.png",
			"type": "image",
			"name": "on_png"
		},
		{
			"url": "assets/ProgressBar/thumb_pb.png",
			"type": "image",
			"name": "thumb_pb_png"
		},
		{
			"url": "assets/ProgressBar/track_pb.png",
			"type": "image",
			"name": "track_pb_png"
		},
		{
			"url": "assets/ScrollBar/track_sb.png",
			"type": "image",
			"name": "track_sb_png"
		},
		{
			"url": "assets/egret_icon.png",
			"type": "image",
			"name": "egret_icon_png"
		},
		{
			"url": "config/description.json",
			"type": "json",
			"name": "description_json"
		},
		{
			"url": "assets/Title/title_bg.png",
			"type": "image",
			"name": "title_bg_png",
			"scale9grid": "269,32,208,32"
		},
		{
			"url": "assets/Topic/option_normal.png",
			"type": "image",
			"name": "option_normal_png",
			"scale9grid": "141,24,357,43"
		},
		{
			"url": "assets/Topic/option_select.png",
			"type": "image",
			"name": "option_select_png",
			"scale9grid": "87,18,418,47"
		},
		{
			"url": "assets/Panel/dialog_close.png",
			"type": "image",
			"name": "dialog_close_png"
		},
		{
			"url": "assets/Panel/dialog_title_bg.png",
			"type": "image",
			"name": "dialog_title_bg_png"
		},
		{
			"url": "assets/Panel/dialog_line.png",
			"type": "image",
			"name": "dialog_line_png"
		},
		{
			"url": "assets/mask.png",
			"type": "image",
			"name": "mask_png"
		},
		{
			"url": "assets/User/info_bg.png",
			"type": "image",
			"name": "info_bg_png",
			"scale9grid": "343,35,239,185"
		},
		{
			"url": "assets/User/icon_border.png",
			"type": "image",
			"name": "icon_border_png",
			"scale9grid": "17,12,43,84"
		},
		{
			"url": "assets/Index/model_bg.png",
			"type": "image",
			"name": "model_bg_png",
			"scale9grid": "22,22,18,15"
		},
		{
			"url": "assets/Equip/icon_bing.png",
			"type": "image",
			"name": "icon_bing_png"
		},
		{
			"url": "assets/Equip/icon_chan.png",
			"type": "image",
			"name": "icon_chan_png"
		},
		{
			"url": "assets/Equip/icon_jing.png",
			"type": "image",
			"name": "icon_jing_png"
		},
		{
			"url": "assets/Equip/equip_bg.png",
			"type": "image",
			"name": "equip_bg_png"
		},
		{
			"url": "assets/Index/icon_notice.png",
			"type": "image",
			"name": "icon_notice_png"
		},
		{
			"url": "assets/Index/bottom_info.png",
			"type": "image",
			"name": "bottom_info_png"
		},
		{
			"url": "brand/.DS_Store",
			"type": "bin",
			"name": "_DS_Store"
		},
		{
			"url": "brand/xbd/font_bai.png",
			"type": "image",
			"name": "font_bai_png"
		},
		{
			"url": "brand/xbd/font_da.png",
			"type": "image",
			"name": "font_da_png"
		},
		{
			"url": "brand/xbd/font_xin.png",
			"type": "image",
			"name": "font_xin_png"
		},
		{
			"url": "brand/xbd/icon_bai.png",
			"type": "image",
			"name": "icon_bai_png"
		},
		{
			"url": "brand/xbd/icon_da.png",
			"type": "image",
			"name": "icon_da_png"
		},
		{
			"url": "brand/xbd/icon_xin.png",
			"type": "image",
			"name": "icon_xin_png"
		},
		{
			"url": "brand/xbd/config.json",
			"type": "json",
			"name": "config_json"
		},
		{
			"url": "assets/Train/icon_down.png",
			"type": "image",
			"name": "icon_down_png"
		},
		{
			"url": "assets/Train/bg_level_pass.png",
			"type": "image",
			"name": "bg_level_pass_png",
			"scale9grid": "44,31,118,62"
		},
		{
			"url": "assets/Train/bg_level_cur.png",
			"type": "image",
			"name": "bg_level_cur_png"
		},
		{
			"url": "assets/Train/point_cur.png",
			"type": "image",
			"name": "point_cur_png"
		},
		{
			"url": "assets/Topic/favor_fill.png",
			"type": "image",
			"name": "favor_fill_png"
		},
		{
			"url": "assets/Topic/favor.png",
			"type": "image",
			"name": "favor_png"
		},
		{
			"url": "assets/Ranker/cup1.png",
			"type": "image",
			"name": "cup1_png"
		},
		{
			"url": "assets/Ranker/cup2.png",
			"type": "image",
			"name": "cup2_png"
		},
		{
			"url": "assets/Ranker/cup3.png",
			"type": "image",
			"name": "cup3_png"
		},
		{
			"url": "assets/Index/model_bg_1.png",
			"type": "image",
			"name": "model_bg_1_png"
		},
		{
			"url": "assets/Ranker/rank_item_bg.png",
			"type": "image",
			"name": "rank_item_bg_png"
		},
		{
			"url": "assets/User/user_line.png",
			"type": "image",
			"name": "user_line_png",
			"scale9grid": "133,0,295,2"
		},
		{
			"url": "assets/User/share_arrow.png",
			"type": "image",
			"name": "share_arrow_png"
		},
		{
			"url": "assets/User/share_tips.jpg",
			"type": "image",
			"name": "share_tips_jpg"
		},
		{
			"url": "assets/Index/model_bg_2.png",
			"type": "image",
			"name": "model_bg_2_png"
		},
		{
			"url": "assets/Index/model_bg_3.png",
			"type": "image",
			"name": "model_bg_3_png"
		},
		{
			"url": "assets/Index/model_bg_4.png",
			"type": "image",
			"name": "model_bg_4_png"
		},
		{
			"url": "brand/xbd/tiku.json",
			"type": "json",
			"name": "tiku_json"
		},
		{
			"url": "assets/User/sign_mask.png",
			"type": "image",
			"name": "sign_mask_png"
		},
		{
			"url": "assets/User/sign_icon.png",
			"type": "image",
			"name": "sign_icon_png"
		},
		{
			"url": "assets/Topic/option_error.png",
			"type": "image",
			"name": "option_error_png",
			"scale9grid": "155,23,271,48"
		},
		{
			"url": "assets/Topic/option_ok.png",
			"type": "image",
			"name": "option_ok_png",
			"scale9grid": "129,20,336,55"
		},
		{
			"url": "assets/Topic/icon_ok.png",
			"type": "image",
			"name": "icon_ok_png"
		},
		{
			"url": "assets/Topic/icon_err.png",
			"type": "image",
			"name": "icon_err_png"
		},
		{
			"url": "assets/User/user_name_bg.png",
			"type": "image",
			"name": "user_name_bg_png"
		},
		{
			"url": "assets/Train/point_pass.png",
			"type": "image",
			"name": "point_pass_png"
		},
		{
			"url": "assets/Train/bg_level_nopass.png",
			"type": "image",
			"name": "bg_level_nopass_png"
		},
		{
			"url": "assets/Train/point_nopass.png",
			"type": "image",
			"name": "point_nopass_png"
		},
		{
			"url": "assets/ProgressBar/progress_bg.png",
			"type": "image",
			"name": "progress_bg_png",
			"scale9grid": "32,11,61,13"
		},
		{
			"url": "music/model_select.mp3",
			"type": "sound",
			"name": "model_select_mp3"
		},
		{
			"url": "music/answer_err3.mp3",
			"type": "sound",
			"name": "answer_err3_mp3"
		},
		{
			"url": "music/answer_ok.mp3",
			"type": "sound",
			"name": "answer_ok_mp3"
		},
		{
			"url": "music/nopass.mp3",
			"type": "sound",
			"name": "nopass_mp3"
		},
		{
			"url": "music/pass.mp3",
			"type": "sound",
			"name": "pass_mp3"
		},
		{
			"url": "music/bg.mp3",
			"type": "sound",
			"name": "bg_mp3"
		},
		{
			"url": "assets/bg_circle.png",
			"type": "image",
			"name": "bg_circle_png"
		},
		{
			"url": "assets/Button_back/back_down.png",
			"type": "image",
			"name": "back_down_png"
		},
		{
			"url": "assets/Button_back/back_up.png",
			"type": "image",
			"name": "back_up_png"
		},
		{
			"url": "assets/Button_back/button_bg.png",
			"type": "image",
			"name": "button_bg_png"
		},
		{
			"url": "assets/Panel/dialog_close_x.png",
			"type": "image",
			"name": "dialog_close_x_png"
		},
		{
			"url": "assets/User/share_tips_android.jpg",
			"type": "image",
			"name": "share_tips_android_jpg"
		},
		{
			"url": "assets/Ranker/rank_title_select.png",
			"type": "image",
			"name": "rank_title_select_png"
		},
		{
			"url": "assets/Ranker/rank_title_unselect.png",
			"type": "image",
			"name": "rank_title_unselect_png"
		},
		{
			"url": "assets/User/share_qrcode_bg.png",
			"type": "image",
			"name": "share_qrcode_bg_png"
		},
		{
			"url": "assets/User/share_mask.png",
			"type": "image",
			"name": "share_mask_png",
			"scale9grid": "6,7,21,80"
		},
		{
			"url": "assets/User/share_qrcode.png",
			"type": "image",
			"name": "share_qrcode_png"
		},
		{
			"url": "assets/ProgressBar/v_progress_bg.png",
			"type": "image",
			"name": "v_progress_bg_png",
			"scale9grid": "0,25,26,60"
		},
		{
			"url": "assets/ProgressBar/v_progress_bg2.png",
			"type": "image",
			"name": "v_progress_bg2_png",
			"scale9grid": "0,22,26,36"
		},
		{
			"url": "assets/ProgressBar/v_progress_thumb.png",
			"type": "image",
			"name": "v_progress_thumb_png"
		},
		{
			"url": "assets/ProgressBar/v_progress_thumb2.png",
			"type": "image",
			"name": "v_progress_thumb2_png"
		},
		{
			"url": "assets/User/user_unknow.jpg",
			"type": "image",
			"name": "user_unknow_jpg"
		},
		{
			"url": "assets/loading.png",
			"type": "image",
			"name": "loading_png"
		},
		{
			"url": "assets/User/icons/icon_1.jpg",
			"type": "image",
			"name": "icon_1_jpg"
		},
		{
			"url": "assets/nav_bg.png",
			"type": "image",
			"name": "nav_bg_png",
			"scale9grid": "46,11,86,32"
		},
		{
			"url": "brand/olumiant/ai.png",
			"type": "image",
			"name": "ai_png"
		},
		{
			"url": "brand/olumiant/le.png",
			"type": "image",
			"name": "le_png"
		},
		{
			"url": "brand/olumiant/ming.png",
			"type": "image",
			"name": "ming_png"
		},
		{
			"url": "assets/Equip/equip_bg_1.png",
			"type": "image",
			"name": "equip_bg_1_png"
		},
		{
			"url": "assets/Equip/equip_bg_2.png",
			"type": "image",
			"name": "equip_bg_2_png"
		},
		{
			"url": "assets/Equip/equip_bg_3.png",
			"type": "image",
			"name": "equip_bg_3_png"
		},
		{
			"url": "assets/Equip/equip_bg_4.png",
			"type": "image",
			"name": "equip_bg_4_png"
		},
		{
			"url": "assets/myfavor.png",
			"type": "image",
			"name": "myfavor_png"
		},
		{
			"url": "assets/User/user_pic_border.png",
			"type": "image",
			"name": "user_pic_border_png"
		},
		{
			"url": "assets/Panel/alter_bg.png",
			"type": "image",
			"name": "alter_bg_png"
		},
		{
			"url": "assets/Title/train_title_bg.png",
			"type": "image",
			"name": "train_title_bg_png"
		},
		{
			"url": "assets/Train/train_line_left.png",
			"type": "image",
			"name": "train_line_left_png"
		},
		{
			"url": "assets/Train/train_line_right.png",
			"type": "image",
			"name": "train_line_right_png"
		},
		{
			"url": "brand/olumiant/favor_title_cpxx.png",
			"type": "image",
			"name": "favor_title_cpxx_png"
		},
		{
			"url": "brand/olumiant/favor_title_jbxx.png",
			"type": "image",
			"name": "favor_title_jbxx_png"
		},
		{
			"url": "brand/olumiant/favor_title_jpfx.png",
			"type": "image",
			"name": "favor_title_jpfx_png"
		},
		{
			"url": "brand/olumiant/favor_title_lcyj.png",
			"type": "image",
			"name": "favor_title_lcyj_png"
		},
		{
			"url": "brand/olumiant/favor_title_sccl.png",
			"type": "image",
			"name": "favor_title_sccl_png"
		},
		{
			"url": "brand/olumiant/favor_title_zyjz.png",
			"type": "image",
			"name": "favor_title_zyjz_png"
		},
		{
			"url": "assets/Ranker/rank_item1_bg.png",
			"type": "image",
			"name": "rank_item1_bg_png"
		},
		{
			"url": "assets/Ranker/rank_number_bg.png",
			"type": "image",
			"name": "rank_number_bg_png"
		},
		{
			"url": "assets/Topic/icon_tmfx.png",
			"type": "image",
			"name": "icon_tmfx_png"
		},
		{
			"url": "assets/Topic/title_tmfx.png",
			"type": "image",
			"name": "title_tmfx_png"
		},
		{
			"url": "assets/Equip/equip_bg_01.png",
			"type": "image",
			"name": "equip_bg_01_png"
		},
		{
			"url": "assets/User/radar_border.png",
			"type": "image",
			"name": "radar_border_png"
		},
		{
			"url": "assets/User/button_small_1.png",
			"type": "image",
			"name": "button_small_1_png"
		},
		{
			"url": "assets/User/button_small_2.png",
			"type": "image",
			"name": "button_small_2_png"
		},
		{
			"url": "assets/bottom_line.png",
			"type": "image",
			"name": "bottom_line_png"
		},
		{
			"url": "assets/bg/bg.png",
			"type": "image",
			"name": "bg_png"
		},
		{
			"url": "assets/bg/bg_white.png",
			"type": "image",
			"name": "bg_white_png"
		},
		{
			"url": "assets/bg/bg_train.png",
			"type": "image",
			"name": "bg_train_png"
		},
		{
			"url": "assets/Train/train_fail.png",
			"type": "image",
			"name": "train_fail_png"
		},
		{
			"url": "assets/Train/train_success.png",
			"type": "image",
			"name": "train_success_png"
		},
		{
			"url": "assets/Topic/title_report.png",
			"type": "image",
			"name": "title_report_png"
		},
		{
			"url": "assets/User/score_bg.png",
			"type": "image",
			"name": "score_bg_png"
		},
		{
			"url": "assets/User/line_1.png",
			"type": "image",
			"name": "line_1_png"
		},
		{
			"url": "assets/share.jpg",
			"type": "image",
			"name": "share_jpg"
		},
		{
			"url": "assets/Equip/buttom_search.png",
			"type": "image",
			"name": "buttom_search_png"
		},
		{
			"url": "assets/Equip/search_left.png",
			"type": "image",
			"name": "search_left_png"
		},
		{
			"url": "assets/Equip/search_right.png",
			"type": "image",
			"name": "search_right_png"
		},
		{
			"url": "assets/Index/rule_title.png",
			"type": "image",
			"name": "rule_title_png"
		},
		{
			"url": "assets/Index/small_grey_bg.png",
			"type": "image",
			"name": "small_grey_bg_png"
		},
		{
			"url": "assets/Equip/equip_bg_111.png",
			"type": "image",
			"name": "equip_bg_111_png"
		},
		{
			"url": "assets/Equip/equip_bg_121.png",
			"type": "image",
			"name": "equip_bg_121_png"
		},
		{
			"url": "assets/Equip/equip_bg_131.png",
			"type": "image",
			"name": "equip_bg_131_png"
		},
		{
			"url": "assets/Equip/equip_bg_141.png",
			"type": "image",
			"name": "equip_bg_141_png"
		},
		{
			"url": "assets/Equip/equip_top_11.png",
			"type": "image",
			"name": "equip_top_11_png"
		},
		{
			"url": "assets/Equip/equip_top_12.png",
			"type": "image",
			"name": "equip_top_12_png"
		},
		{
			"url": "assets/Equip/equip_top_13.png",
			"type": "image",
			"name": "equip_top_13_png"
		},
		{
			"url": "assets/Equip/equip_top_14.png",
			"type": "image",
			"name": "equip_top_14_png"
		},
		{
			"url": "assets/Equip/equip_top_14.png",
			"type": "image",
			"name": "equip_top_142_png"
		},
		{
			"url": "assets/Equip/equip_top_0.png",
			"type": "image",
			"name": "equip_top_0_png"
		},
		{
			"url": "assets/Equip/equip_bg_21.png",
			"type": "image",
			"name": "equip_bg_21_png"
		},
		{
			"url": "assets/Title/title_error.png",
			"type": "image",
			"name": "title_error_png"
		},
		{
			"url": "assets/Index/icon_calendar.png",
			"type": "image",
			"name": "icon_calendar_png"
		},
		{
			"url": "assets/bg/blue_small_bg.png",
			"type": "image",
			"name": "blue_small_bg_png"
		},
		{
			"url": "assets/Index/top_ad.png",
			"type": "image",
			"name": "top_ad_png"
		}
	]
}